{"cameraMode":{"drawMode":0,"name":"Shaded","section":"Shading Mode"},"sceneLighting":true,"audioPlay":false,"sceneViewState":{"showFog":true,"showMaterialUpdate":true,"showSkybox":true,"showFlares":true,"showImageEffects":true,"showParticleSystems":true},"in2DMode":false,"pivot":{"x":-2.6788601875305177,"y":2.8274471759796144,"z":-1.774800181388855},"rotation":{"x":-0.16389122605323792,"y":-0.20410312712192536,"z":0.03467091545462608,"w":-0.9645243883132935},"size":1.979022741317749,"orthographic":false}