{"cameraMode":{"drawMode":0,"name":"Shaded","section":"Shading Mode"},"sceneLighting":false,"audioPlay":false,"sceneViewState":{"showFog":true,"showMaterialUpdate":true,"showSkybox":false,"showFlares":true,"showImageEffects":true,"showParticleSystems":true},"in2DMode":false,"pivot":{"x":-1.4129999876022339,"y":1.3660000562667847,"z":0.0},"rotation":{"x":0.12480009347200394,"y":0.7393532395362854,"z":-0.1428084522485733,"w":0.6460734605789185},"size":0.9663362503051758,"orthographic":false}